<?xml version="1.0" encoding="UTF-8"?>
<!--
Maltcms, modular application toolkit for chromatography-mass spectrometry. 
Copyright (C) 2008-2012, The authors of Maltcms. All rights reserved.

Project website: http://maltcms.sf.net

Maltcms may be used under the terms of either the

GNU Lesser General Public License (LGPL)
http://www.gnu.org/licenses/lgpl.html

or the

Eclipse Public License (EPL)
http://www.eclipse.org/org/documents/epl-v10.php

As a user/recipient of Maltcms, you may choose which license to receive the code 
under. Certain files or entire directories may not be covered by this 
dual license, but are subject to licenses compatible to both LGPL and EPL.
License exceptions are explicitly declared in all relevant files or in a 
LICENSE file in the relevant directories.

Maltcms is distributed in the hope that it will be useful, but WITHOUT
ANY WARRANTY; without even the implied warranty of MERCHANTABILITY or FITNESS
FOR A PARTICULAR PURPOSE. Please consult the relevant license documentation
for details.
-->

<beans xmlns="http://www.springframework.org/schema/beans"
       xmlns:xsi="http://www.w3.org/2001/XMLSchema-instance"
       xsi:schemaLocation="http://www.springframework.org/schema/beans
           http://www.springframework.org/schema/beans/spring-beans-3.0.xsd">
    <description>
        This file defines elements of the default ChromA pipeline.
    </description>
    
    <!-- a command pipeline consists of a list of 
    commands to be executed -->
    <bean id="commandPipeline" class="cross.datastructures.pipeline.CommandPipeline">
        <property name="checkCommandDependencies" value="true"/>
        <property name="commands">
            <list>
                <ref bean="csvAnchorReader" />
                <ref bean="defaultVarLoader" />
                <ref bean="massFilter" />
                <ref bean="denseArrayProducer" />
                <ref bean="peakCliqueAlignment" />
            </list>
        </property>    
    </bean>
    <!-- commands -->
               
    <!-- CSVAnchorReader, reads pre-defined alignment anchors -->
    <bean id="csvAnchorReader" class="maltcms.commands.fragments.io.CSVAnchorReader">

    </bean>
    
    <!-- DefaultVarLoader, loads default variables, see cfg/cv/cv_maltcms.properties for default values for these -->
    <bean id="defaultVarLoader" class="maltcms.commands.fragments.preprocessing.DefaultVarLoader">
        <property name="defaultVariables">
            <list>
                <!-- uncomment to explicitly load default variables -->
                <!--
                <value>scan_index</value>
                <value>mass_values</value>
                <value>intensity_values</value>
                <value>total_intensity</value>
                <value>mass_range_min</value>
                <value>mass_range_max</value>
                <value>scan_acquisition_time</value> -->
            </list>
        </property>
        <property name="additionalVariables">
            <list>
                <!-- uncomment to explicitly load additional variables -->
                <!--
                <value>retention_scans</value>
                <value>source_files</value> -->
            </list>
        </property>
    </bean>
    
    <!-- MassFilter, removes intensities associated to specified masses in raw data -->
    <bean id="massFilter" class="maltcms.commands.fragments.preprocessing.MassFilter">
        <property name="epsilon" value="1.0"/>
        <property name="excludeMasses">
            <list>
                <!-- <value>73</value> -->
                <!-- <value>74</value> --> 
                <!-- <value>75</value> --> 
                <!-- <value>147</value> --> 
                <!-- <value>148</value> --> 
                <!-- <value>149</value> --> 
            </list>
        </property>
    </bean>
    
    <!-- DenseArrayProducer, creates a dense profile matrix -->
    <bean id="denseArrayProducer" class="maltcms.commands.fragments.preprocessing.DenseArrayProducer">
        <property name="maskedMasses">
            <list>
                <!-- <value>73</value> -->
                <!-- <value>74</value> --> 
                <!-- <value>75</value> --> 
                <!-- <value>147</value> --> 
                <!-- <value>148</value> --> 
                <!-- <value>149</value> --> 
            </list>
        </property> 
        <property name="invertMaskedMasses" value="false"/>  
        <property name="normalizeScans" value="true"/> 
        <property name="normalizeMeanVariance" value="false"/>
        <property name="massBinResolution" value="1.0d"/>
        <property name="ignoreMinMaxMassArrays" value="false"/>
    </bean>
    
    <bean id="gaussianDifferenceSimilarity" class="maltcms.math.functions.similarities.GaussianDifferenceSimilarity" scope="prototype">
        <property name="tolerance" value="5.0d"/>
        <property name="threshold" value="0.0d"/>
    </bean>
    
    <!-- array similarity functions -->
    <bean id="cosineSimilarity" class="maltcms.math.functions.similarities.ArrayCos" scope="prototype"/>
    <bean id="lpSimilarity" class="maltcms.math.functions.similarities.ArrayLp" scope="prototype"/>
    
    <!-- time penalized functions -->
    <bean id="timePenalizedDotProduct" class="maltcms.math.functions.ProductSimilarity" scope="prototype">
        <property name="scalarSimilarities">
            <array>
                <ref bean="gaussianDifferenceSimilarity"/>
            </array>
        </property>
        <property name="arraySimilarities">
            <array>
                <ref bean="cosineSimilarity"/>
            </array>
        </property>
    </bean>
    
    <bean id="worker1DFactory" class="maltcms.commands.fragments.alignment.peakCliqueAlignment.WorkerFactory" scope="prototype">
        <property name="maxRTDifference" value="60.0d"/>
        <property name="similarityFunction" ref="timePenalizedDotProduct"/>
        <property name="assumeSymmetricSimilarity" value="true"/>
    </bean>

    <bean id="peakFactory1DMS" class="maltcms.commands.fragments.alignment.peakCliqueAlignment.peakFactory.Peak1DMSFactory" scope="prototype">
    
    </bean>
    
    <!-- PeakCliqueAlignment -->
    <bean id="peakCliqueAlignment" class="maltcms.commands.fragments.alignment.PeakCliqueAlignment">
        <property name="workerFactory" ref="worker1DFactory"/>
        <property name="use2DRetentionTimes" value="false"/>
        <property name="useSparseArrays" value="false"/>
        <property name="minCliqueSize" value="2"/>
        <property name="maxBBHErrors" value="0"/>
        <property name="savePeakSimilarities" value="false"/>
        <property name="useUserSuppliedAnchors" value="false"/>
        <property name="saveXMLAlignment" value="true"/>
        <property name="savePlots" value="false"/>
        <property name="saveUnmatchedPeaks" value="false"/>
        <property name="saveUnassignedPeaks" value="false"/>
        <property name="saveIncompatiblePeaks" value="false"/>
        <!-- which peak area definition to use, default: peak_area, alternative: peak_area_normalized -->
        <property name="peakAreaVariable" value="peak_area"/>
        <property name="peakFactory" ref="peakFactory1DMS"/>
    </bean>
    
</beans>
