<?xml version="1.0" encoding="UTF-8"?>
<!--
Maltcms, modular application toolkit for chromatography-mass spectrometry. 
Copyright (C) 2008-2012, The authors of Maltcms. All rights reserved.

Project website: http://maltcms.sf.net

Maltcms may be used under the terms of either the

GNU Lesser General Public License (LGPL)
http://www.gnu.org/licenses/lgpl.html

or the

Eclipse Public License (EPL)
http://www.eclipse.org/org/documents/epl-v10.php

As a user/recipient of Maltcms, you may choose which license to receive the code 
under. Certain files or entire directories may not be covered by this 
dual license, but are subject to licenses compatible to both LGPL and EPL.
License exceptions are explicitly declared in all relevant files or in a 
LICENSE file in the relevant directories.

Maltcms is distributed in the hope that it will be useful, but WITHOUT
ANY WARRANTY; without even the implied warranty of MERCHANTABILITY or FITNESS
FOR A PARTICULAR PURPOSE. Please consult the relevant license documentation
for details.
-->

<beans xmlns="http://www.springframework.org/schema/beans"
       xmlns:xsi="http://www.w3.org/2001/XMLSchema-instance"
       xsi:schemaLocation="http://www.springframework.org/schema/beans
           http://www.springframework.org/schema/beans/spring-beans-3.0.xsd">
    <description>
        Pipeline for mzml format export.
    </description>
    
    <!-- a command pipeline consists of a list of 
    commands to be executed -->
    <bean id="commandPipeline" class="cross.datastructures.pipeline.CommandPipeline">
        <property name="checkCommandDependencies" value="true"/>
        <property name="commands">
            <list>
                <!-- uncomment to explicitly load default and additional variables -->
                <!--                <ref bean="defaultVarLoader" /> -->
                <ref bean="mzmlExporter" />
            </list>
        </property>    
    </bean>
    <!-- commands -->
               
    <!-- DefaultVarLoader, loads default variables, see cfg/cv/cv_maltcms.properties for default values for these -->
    <bean id="defaultVarLoader" class="maltcms.commands.fragments.preprocessing.DefaultVarLoader">
        <property name="defaultVariables">
            <list>
                <!-- uncomment to explicitly load default variables -->
                <!--
                <value>scan_index</value>
                <value>mass_values</value>
                <value>intensity_values</value>
                <value>total_intensity</value>
                <value>mass_range_min</value>
                <value>mass_range_max</value>
                <value>scan_acquisition_time</value> -->
            </list>
        </property>
        <property name="additionalVariables">
            <list>
                <!-- uncomment to explicitly load additional variables -->
                <!--
                <value>retention_scans</value>
                <value>source_files</value> -->
            </list>
        </property>
    </bean>
    <!-- ANDIMSExporter, exports internal data format to ANDI-MS compliant output -->
	<bean id="mzmlExporter" class="maltcms.commands.fragments.io.MZMLExporter" >
		<property name="compressSpectra" value="true"/>
		<property name="psiMsVersion" value="3.48.0"/>
		<property name="unitOntologyVersion" value="12:10:2011"/>
	</bean>
    
</beans>
