<?xml version="1.0" encoding="UTF-8"?>
<!--
 Copyright (C) 2008-2012 Nils Hoffmann
 Nils.Hoffmann A T CeBiTec.Uni-Bielefeld.DE

 This file is part of Cross/Maltcms.

 Cross/Maltcms is free software: you can redistribute it and/or modify
 it under the terms of the GNU Lesser General Public License as published by
 the Free Software Foundation, either version 3 of the License, or
 (at your option) any later version.

 Cross/Maltcms is distributed in the hope that it will be useful,
 but WITHOUT ANY WARRANTY; without even the implied warranty of
 MERCHANTABILITY or FITNESS FOR A PARTICULAR PURPOSE.  See the
 GNU Lesser General Public License for more details.

 You should have received a copy of the GNU Lesser General Public License
 along with Cross/Maltcms.  If not, see &lt;http://www.gnu.org/licenses/>.

 $Id$

-->

<beans xmlns="http://www.springframework.org/schema/beans"
       xmlns:xsi="http://www.w3.org/2001/XMLSchema-instance"
       xsi:schemaLocation="http://www.springframework.org/schema/beans
           http://www.springframework.org/schema/beans/spring-beans-3.0.xsd">
    <description>
        This file defines elements of the default spectratyping pipeline.
    </description>
    <!-- a command pipeline consists a list of 
    commands to be executed -->
    <bean id="commandPipeline" class="cross.datastructures.pipeline.CommandPipeline">
        <property name="checkCommandDependencies" value="true"/>
        <property name="commands">
            <list>
                <ref bean="ticPeakFinder" />
                <ref bean="pairwiseDistanceCalculator"/>
                <!--                <ref bean="spectraTypeComparison"/>-->
            </list>
        </property>    
    </bean>
    <!-- commands -->    
    <!-- filter beans used by ticPeakFinder -->
    <bean id="movingAverageFilter" class="maltcms.commands.filters.array.MovingAverageFilter">
        <property name="window" value="10"/>
    </bean>
    <bean id="topHatFilter" class="maltcms.commands.filters.array.TopHatFilter">
        <property name="window" value="50"/>
    </bean>
    <!-- TicPeakFinder -->
    <bean id="ticPeakFinder" class="maltcms.commands.fragments.peakfinding.TICPeakFinder">
        <property name="peakThreshold" value="0.01"/>
        <property name="filter">
            <list>
                <ref bean="movingAverageFilter"/>
                <ref bean="topHatFilter"/>
            </list>
        </property>
        <property name="snrWindow" value="50"/>
        <property name="peakSeparationWindow" value="3"/>
        <property name="integratePeaks" value="true"/>
        <property name="integrateRawTic" value="true"/>
        <property name="saveGraphics" value="true"/>
    </bean>
    
</beans>
